{"cameraMode":{"drawMode":0,"name":"Shaded","section":"Shading Mode"},"sceneLighting":true,"audioPlay":false,"sceneViewState":{"m_AlwaysRefresh":false,"showFog":true,"showSkybox":true,"showFlares":true,"showImageEffects":true,"showParticleSystems":true,"showVisualEffectGraphs":true,"m_FxEnabled":true},"in2DMode":false,"pivot":{"x":-1.6639800071716309,"y":-2.196669578552246,"z":-17.453405380249025},"rotation":{"x":0.020881852135062219,"y":-0.9796259999275208,"z":0.1438026875257492,"w":0.13961325585842133},"size":10.898137092590332,"orthographic":false}